id,firstName,lastName,age,gender,email,phone,username,password,birthDate,image,bloodGroup,height,weight,eyeColor,hair,ip,macAddress,ein,ssn,role
1,Emily,Johnson,28,female,emily.johnson@x.dummyjson.com,+81 965-431-3024,emilys,emilyspass,1996-5-30,https://dummyjson.com/icon/emilys/128,O-,193.24,63.16,Green,"{'color': 'Brown', 'type': 'Curly'}",42.48.100.32,47:fa:41:18:ec:eb,977-175,900-590-289,admin
2,Michael,Williams,35,male,michael.williams@x.dummyjson.com,+49 258-627-6644,michaelw,michaelwpass,1989-8-10,https://dummyjson.com/icon/michaelw/128,B+,186.22,76.32,Red,"{'color': 'Green', 'type': 'Straight'}",12.13.116.142,79:15:78:99:60:aa,912-602,108-953-962,admin
3,Sophia,Brown,42,female,sophia.brown@x.dummyjson.com,+81 210-652-2785,sophiab,sophiabpass,1982-11-6,https://dummyjson.com/icon/sophiab/128,O-,177.72,52.6,Hazel,"{'color': 'White', 'type': 'Wavy'}",214.225.51.195,12:a3:d3:6f:5c:5b,963-113,638-461-822,admin
4,James,Davis,45,male,james.davis@x.dummyjson.com,+49 614-958-9364,jamesd,jamesdpass,1979-5-4,https://dummyjson.com/icon/jamesd/128,AB+,193.31,62.1,Amber,"{'color': 'Blonde', 'type': 'Straight'}",101.118.131.66,10:7d:df:1f:97:58,904-810,116-951-314,admin
5,Emma,Miller,30,female,emma.miller@x.dummyjson.com,+91 759-776-1614,emmaj,emmajpass,1994-6-13,https://dummyjson.com/icon/emmaj/128,AB-,192.8,63.62,Green,"{'color': 'White', 'type': 'Straight'}",224.126.22.183,32:b9:7e:8d:f5:e8,403-505,526-210-885,admin
6,Olivia,Wilson,22,female,olivia.wilson@x.dummyjson.com,+91 607-295-6448,oliviaw,oliviawpass,2002-4-20,https://dummyjson.com/icon/oliviaw/128,B+,182.61,58.0,Hazel,"{'color': 'Gray', 'type': 'Curly'}",249.178.112.207,9c:7f:ea:34:18:19,921-709,836-772-168,moderator
7,Alexander,Jones,38,male,alexander.jones@x.dummyjson.com,+61 260-824-4986,alexanderj,alexanderjpass,1986-10-20,https://dummyjson.com/icon/alexanderj/128,AB-,153.89,77.42,Blue,"{'color': 'White', 'type': 'Straight'}",166.204.84.32,d2:64:58:2d:1c:46,638-127,722-993-925,moderator
8,Ava,Taylor,27,female,ava.taylor@x.dummyjson.com,+1 458-853-7877,avat,avatpass,1997-8-25,https://dummyjson.com/icon/avat/128,AB-,168.47,57.08,Hazel,"{'color': 'Red', 'type': 'Kinky'}",150.73.197.233,8d:2e:c2:d6:e7:a8,297-762,257-419-109,moderator
9,Ethan,Martinez,33,male,ethan.martinez@x.dummyjson.com,+92 933-608-5081,ethanm,ethanmpass,1991-2-12,https://dummyjson.com/icon/ethanm/128,AB+,159.19,68.81,Hazel,"{'color': 'Purple', 'type': 'Curly'}",63.191.127.71,59:e:9e:e3:29:da,790-434,569-650-348,moderator
10,Isabella,Anderson,31,female,isabella.anderson@x.dummyjson.com,+49 770-658-4885,isabellad,isabelladpass,1993-6-10,https://dummyjson.com/icon/isabellad/128,A-,150.56,50.1,Brown,"{'color': 'Blonde', 'type': 'Curly'}",114.9.114.205,b1:b0:d0:a2:82:80,127-297,902-438-728,moderator
11,Liam,Garcia,29,male,liam.garcia@x.dummyjson.com,+92 870-217-6201,liamg,liamgpass,1995-6-6,https://dummyjson.com/icon/liamg/128,AB-,162.32,93.16,Violet,"{'color': 'Red', 'type': 'Wavy'}",56.201.85.9,31:9a:28:8b:99:6c,326-604,933-784-949,moderator
12,Mia,Rodriguez,24,female,mia.rodriguez@x.dummyjson.com,+49 989-461-8403,miar,miarpass,2000-8-4,https://dummyjson.com/icon/miar/128,O-,188.08,56.03,Blue,"{'color': 'Purple', 'type': 'Wavy'}",11.72.253.90,53:d7:a4:6:1e:58,754-660,749-524-124,moderator
13,Noah,Hernandez,40,male,noah.hernandez@x.dummyjson.com,+49 393-605-6968,noahh,noahhpass,1984-6-5,https://dummyjson.com/icon/noahh/128,AB+,188.62,69.49,Brown,"{'color': 'Red', 'type': 'Curly'}",169.154.126.57,d4:fe:ae:8f:eb:a3,877-628,660-847-389,moderator
14,Charlotte,Lopez,36,female,charlotte.lopez@x.dummyjson.com,+44 373-953-5028,charlottem,charlottempass,1988-6-8,https://dummyjson.com/icon/charlottem/128,AB-,178.92,82.46,Brown,"{'color': 'Gray', 'type': 'Kinky'}",119.103.95.60,f6:ff:37:aa:6c:f1,364-782,255-491-479,moderator
15,William,Gonzalez,32,male,william.gonzalez@x.dummyjson.com,+81 905-252-7319,williamg,williamgpass,1992-3-27,https://dummyjson.com/icon/williamg/128,B-,173.21,82.41,Hazel,"{'color': 'Gray', 'type': 'Curly'}",250.2.241.204,f5:68:28:f9:ec:89,830-515,690-544-755,moderator
16,Avery,Perez,25,female,avery.perez@x.dummyjson.com,+61 731-431-3457,averyp,averyppass,1999-3-10,https://dummyjson.com/icon/averyp/128,O-,172.68,93.9,Brown,"{'color': 'Green', 'type': 'Curly'}",131.217.4.214,b3:ff:f3:c5:37:46,348-493,679-523-686,user
17,Evelyn,Sanchez,37,female,evelyn.sanchez@x.dummyjson.com,+1 623-880-6871,evelyns,evelynspass,1987-10-13,https://dummyjson.com/icon/evelyns/128,B+,184.08,83.15,Violet,"{'color': 'Blue', 'type': 'Curly'}",87.114.135.146,f8:e5:bd:43:bc:d8,604-817,689-332-644,user
18,Logan,Torres,31,male,logan.torres@x.dummyjson.com,+81 507-434-8733,logant,logantpass,1993-10-26,https://dummyjson.com/icon/logant/128,A+,190.04,72.43,Green,"{'color': 'Green', 'type': 'Curly'}",155.98.15.162,40:d:5c:1:7d:bf,576-218,806-639-934,user
19,Abigail,Rivera,28,female,abigail.rivera@x.dummyjson.com,+91 228-363-7806,abigailr,abigailrpass,1996-10-11,https://dummyjson.com/icon/abigailr/128,B+,186.39,74.61,Violet,"{'color': 'Blue', 'type': 'Kinky'}",19.183.240.94,1d:a6:58:2a:e5:e4,173-637,655-823-929,user
20,Jackson,Evans,34,male,jackson.evans@x.dummyjson.com,+44 468-628-6686,jacksone,jacksonepass,1990-11-30,https://dummyjson.com/icon/jacksone/128,O-,162.57,74.37,Green,"{'color': 'Red', 'type': 'Straight'}",221.127.144.198,81:14:1:97:88:85,843-260,248-787-886,user
21,Madison,Collins,26,female,madison.collins@x.dummyjson.com,+81 259-957-5711,madisonc,madisoncpass,1998-3-7,https://dummyjson.com/icon/madisonc/128,B-,189.28,56.96,Red,"{'color': 'Gray', 'type': 'Curly'}",85.34.1.204,13:b0:d0:23:4d:26,716-166,457-258-950,user
22,Elijah,Stewart,33,male,elijah.stewart@x.dummyjson.com,+44 468-357-7872,elijahs,elijahspass,1991-10-22,https://dummyjson.com/icon/elijahs/128,A-,195.33,81.64,Blue,"{'color': 'Purple', 'type': 'Straight'}",23.87.135.62,75:17:c6:35:fc:6d,520-394,287-380-801,user
23,Chloe,Morales,39,female,chloe.morales@x.dummyjson.com,+92 468-541-7133,chloem,chloempass,1985-4-21,https://dummyjson.com/icon/chloem/128,O+,185.07,63.97,Brown,"{'color': 'Red', 'type': 'Kinky'}",66.78.20.21,fc:f:29:e1:37:b8,913-597,938-883-163,user
24,Mateo,Nguyen,30,male,mateo.nguyen@x.dummyjson.com,+1 341-597-6694,mateon,mateonpass,1994-6-2,https://dummyjson.com/icon/mateon/128,O+,174.29,59.98,Red,"{'color': 'Purple', 'type': 'Wavy'}",192.57.144.7,a7:26:10:7a:36:29,229-249,416-877-230,user
25,Harper,Kelly,27,female,harper.kelly@x.dummyjson.com,+92 518-863-2863,harpere,harperepass,1997-3-3,https://dummyjson.com/icon/harpere/128,AB-,184.32,81.69,Amber,"{'color': 'Red', 'type': 'Curly'}",174.111.61.162,b:ff:33:67:94:e4,592-557,209-544-548,user
26,Evelyn,Gonzalez,35,female,evelyn.gonzalez@x.dummyjson.com,+61 708-508-4638,evelyng,evelyngpass,1989-2-5,https://dummyjson.com/icon/evelyng/128,O+,168.94,58.47,Red,"{'color': 'Black', 'type': 'Wavy'}",42.52.74.232,89:5e:5a:2a:72:42,569-275,487-680-127,user
27,Daniel,Cook,41,male,daniel.cook@x.dummyjson.com,+44 254-761-6843,danielc,danielcpass,1983-12-25,https://dummyjson.com/icon/danielc/128,AB+,186.21,83.72,Brown,"{'color': 'Blonde', 'type': 'Curly'}",1.61.73.142,6e:73:dc:3a:85:10,585-905,645-515-583,user
28,Lily,Lee,29,female,lily.lee@x.dummyjson.com,+1 808-757-9867,lilyb,lilybpass,1995-12-3,https://dummyjson.com/icon/lilyb/128,AB-,181.42,51.49,Gray,"{'color': 'Purple', 'type': 'Straight'}",67.184.255.96,18:b6:c7:a:50:3f,229-776,358-185-671,user
29,Henry,Hill,38,male,henry.hill@x.dummyjson.com,+1 240-833-4680,henryh,henryhpass,1986-8-19,https://dummyjson.com/icon/henryh/128,O-,180.25,95.84,Gray,"{'color': 'Black', 'type': 'Straight'}",194.43.55.202,fa:c3:1b:21:5f:44,118-957,925-686-100,user
30,Addison,Wright,32,female,addison.wright@x.dummyjson.com,+1 514-384-3300,addisonw,addisonwpass,1992-1-3,https://dummyjson.com/icon/addisonw/128,B+,179.32,76.93,Brown,"{'color': 'Blonde', 'type': 'Straight'}",11.35.69.81,fb:0:94:21:16:c,415-286,804-492-390,user
